{
	"name": "Queen Gets the bananas for kris",
	"short_name": "Queen Gets the bananas for kris",
	"description": "",
	"start_url": "index.html",
	"display": "fullscreen",
	"orientation": "landscape",
	"background_color": "#ffffff",
	"icons": [
		{
			"src": "icons/icon-16.png",
			"sizes": "16x18",
			"type": "image/png"
		},
		{
			"src": "icons/icon-32.png",
			"sizes": "32x36",
			"type": "image/png"
		},
		{
			"src": "icons/icon-64.png",
			"sizes": "64x72",
			"type": "image/png"
		},
		{
			"src": "icons/icon-128.png",
			"sizes": "128x144",
			"type": "image/png"
		},
		{
			"src": "icons/icon-256.png",
			"sizes": "256x288",
			"type": "image/png"
		},
		{
			"src": "icons/icon-512.png",
			"sizes": "512x576",
			"type": "image/png"
		}
	]
}